{
    "providers": [
		
        {"type": "bitmap", "file": "elitemobs:gui/ranksmenu.png", "ascent": 136, "height": 256, "chars":["򴋺"]},
        {"type": "bitmap", "file": "elitemobs:gui/repairmenu.png", "ascent": 136, "height": 256, "chars":["󰀪"]},
        {"type": "bitmap", "file": "elitemobs:gui/scrappermenu.png", "ascent": 136, "height": 256, "chars":["󰀫"]},
        {"type": "bitmap", "file": "elitemobs:gui/refinemenu.png", "ascent": 136, "height": 256, "chars":["󰀻"]},
        {"type": "bitmap", "file": "elitemobs:gui/smeltmenu.png", "ascent": 136, "height": 256, "chars":["󰁋"]},
        {"type": "bitmap", "file": "elitemobs:gui/sellmenu.png", "ascent": 136, "height": 256, "chars":["󰁛"]},
        {"type": "bitmap", "file": "elitemobs:gui/proceduralitemshop.png", "ascent": 136, "height": 256, "chars":["󰁫"]},
        {"type": "bitmap", "file": "elitemobs:gui/customitemshop.png", "ascent": 136, "height": 256, "chars":["󰁻"]},
        {"type": "bitmap", "file": "elitemobs:gui/buyorsell.png", "ascent": 136, "height": 256, "chars":["󰂋"]},
        {"type": "bitmap", "file": "elitemobs:gui/unbind.png", "ascent": 136, "height": 256, "chars":["󰂛"]},
        {"type": "bitmap", "file": "elitemobs:gui/arenamenu.png", "ascent": 136, "height": 256, "chars":["󰄋"]},

		
        {
            "type": "bitmap",
            "file": "elitemobs:ui/space_split.png",
            "ascent": -32768,
            "height": -19,
            "chars": [
                "\uF801"
            ]
        },

        {
            "type": "bitmap",
            "file": "elitemobs:ui/space_split.png",
            "ascent": -32768,
            "height": -185,
            "chars": [
                "\uF805"
            ]
        },
		
		
        {"type": "bitmap", "file": "minecraft:font/pack_930.png", "height": 36, "ascent": 31, "chars": ["\ue930"]},
        {"type": "bitmap", "file": "minecraft:font/pack_931.png", "height": 36, "ascent": 31, "chars": ["\ue931"]},
        {"type": "bitmap", "file": "minecraft:font/pack_932.png", "height": 36, "ascent": 31, "chars": ["\ue932"]},
        {"type": "bitmap", "file": "minecraft:font/pack_933.png", "height": 36, "ascent": 31, "chars": ["\ue933"]},
        {"type": "bitmap", "file": "minecraft:font/pack_934.png", "height": 36, "ascent": 31, "chars": ["\ue934"]},
        {"type": "bitmap", "file": "minecraft:font/pack_935.png", "height": 36, "ascent": 31, "chars": ["\ue935"]},
        {"type": "bitmap", "file": "minecraft:font/pack_936.png", "height": 36, "ascent": 31, "chars": ["\ue936"]},
        {"type": "bitmap", "file": "minecraft:font/pack_937.png", "height": 36, "ascent": 31, "chars": ["\ue937"]},
        {"type": "bitmap", "file": "minecraft:font/pack_938.png", "height": 36, "ascent": 31, "chars": ["\ue938"]},
        {"type": "bitmap", "file": "minecraft:font/pack_939.png", "height": 36, "ascent": 31, "chars": ["\ue939"]},
        {"type": "bitmap", "file": "minecraft:font/pack_93a.png", "height": 36, "ascent": 31, "chars": ["\ue93a"]},
        {"type": "bitmap", "file": "minecraft:font/pack_93b.png", "height": 36, "ascent": 31, "chars": ["\ue93b"]},
        {"type": "bitmap", "file": "minecraft:font/pack_93c.png", "height": 36, "ascent": 31, "chars": ["\ue93c"]},
        {"type": "bitmap", "file": "minecraft:font/pack_93d.png", "height": 36, "ascent": 31, "chars": ["\ue93d"]},
        {"type": "bitmap", "file": "minecraft:font/pack_93e.png", "height": 36, "ascent": 31, "chars": ["\ue93e"]},
        {"type": "bitmap", "file": "minecraft:font/pack_93f.png", "height": 36, "ascent": 31, "chars": ["\ue93f"]}
		
    ]
}