{
    "providers": [
		
        {"type": "bitmap", "file": "elitemobs:gui/ranksmenu.png", "ascent": 136, "height": 256, "chars":["򴋺"]},
        {"type": "bitmap", "file": "elitemobs:gui/repairmenu.png", "ascent": 136, "height": 256, "chars":["󰀪"]},
        {"type": "bitmap", "file": "elitemobs:gui/scrappermenu.png", "ascent": 136, "height": 256, "chars":["󰀫"]},
        {"type": "bitmap", "file": "elitemobs:gui/refinemenu.png", "ascent": 136, "height": 256, "chars":["󰀻"]},
        {"type": "bitmap", "file": "elitemobs:gui/smeltmenu.png", "ascent": 136, "height": 256, "chars":["󰁋"]},
        {"type": "bitmap", "file": "elitemobs:gui/sellmenu.png", "ascent": 136, "height": 256, "chars":["󰁛"]},
        {"type": "bitmap", "file": "elitemobs:gui/proceduralitemshop.png", "ascent": 136, "height": 256, "chars":["󰁫"]},
        {"type": "bitmap", "file": "elitemobs:gui/customitemshop.png", "ascent": 136, "height": 256, "chars":["󰁻"]},
        {"type": "bitmap", "file": "elitemobs:gui/buyorsell.png", "ascent": 136, "height": 256, "chars":["󰂋"]},
        {"type": "bitmap", "file": "elitemobs:gui/unbind.png", "ascent": 136, "height": 256, "chars":["󰂛"]},
        {"type": "bitmap", "file": "elitemobs:gui/arenamenu.png", "ascent": 136, "height": 256, "chars":["󰄋"]},

		
        {
            "type": "bitmap",
            "file": "elitemobs:ui/space_split.png",
            "ascent": -32768,
            "height": -19,
            "chars": [
                "\uF801"
            ]
        },

        {
            "type": "bitmap",
            "file": "elitemobs:ui/space_split.png",
            "ascent": -32768,
            "height": -185,
            "chars": [
                "\uF805"
            ]
        },
		
		
        {"type": "bitmap", "file": "minecraft:font/pack_830.png", "height": 36, "ascent": 31, "chars": ["\ue830"]},
        {"type": "bitmap", "file": "minecraft:font/pack_831.png", "height": 36, "ascent": 31, "chars": ["\ue831"]},
        {"type": "bitmap", "file": "minecraft:font/pack_932.png", "height": 36, "ascent": 31, "chars": ["\ue932"]},
        {"type": "bitmap", "file": "minecraft:font/pack_832.png", "height": 36, "ascent": 31, "chars": ["\ue832"]},
        {"type": "bitmap", "file": "minecraft:font/pack_833.png", "height": 36, "ascent": 31, "chars": ["\ue833"]},
        {"type": "bitmap", "file": "minecraft:font/pack_834.png", "height": 36, "ascent": 31, "chars": ["\ue834"]},
        {"type": "bitmap", "file": "minecraft:font/pack_835.png", "height": 36, "ascent": 31, "chars": ["\ue835"]},
        {"type": "bitmap", "file": "minecraft:font/pack_836.png", "height": 36, "ascent": 31, "chars": ["\ue836"]},
        {"type": "bitmap", "file": "minecraft:font/pack_837.png", "height": 36, "ascent": 31, "chars": ["\ue837"]},
        {"type": "bitmap", "file": "minecraft:font/pack_838.png", "height": 36, "ascent": 31, "chars": ["\ue838"]},
        {"type": "bitmap", "file": "minecraft:font/pack_839.png", "height": 36, "ascent": 31, "chars": ["\ue839"]}
		
    ]
}