{
	"credit": "Made by sniffercraft34",
	"ambientocclusion": false,
	"textures": {
		"0": "block/ancient_debris_top",
		"1": "block/ancient_debris_side",
		"particle": "block/ancient_debris_top",
		"block": "block/netherite_block"
	},
	"elements": [
		{
			"from": [1, 1, 0],
			"to": [15, 15, 1],
			"rotation": {"angle": 0, "axis": "y", "origin": [1, 1, -13]},
			"faces": {
				"north": {"uv": [1, 1, 15, 15], "texture": "#1", "cullface": "north"}
			}
		},
		{
			"from": [1, 1, 15],
			"to": [15, 15, 16],
			"rotation": {"angle": 0, "axis": "y", "origin": [1, 1, 2]},
			"faces": {
				"south": {"uv": [1, 1, 15, 15], "texture": "#1", "cullface": "south"}
			}
		},
		{
			"from": [15, 1, 1],
			"to": [16, 15, 15],
			"rotation": {"angle": 0, "axis": "y", "origin": [2, 1, 15]},
			"faces": {
				"east": {"uv": [1, 1, 15, 15], "texture": "#1", "cullface": "east"}
			}
		},
		{
			"from": [0, 1, 1],
			"to": [1, 15, 15],
			"rotation": {"angle": 0, "axis": "y", "origin": [-13, 1, 15]},
			"faces": {
				"west": {"uv": [1, 1, 15, 15], "texture": "#1", "cullface": "west"}
			}
		},
		{
			"from": [1, 15, 1],
			"to": [15, 16, 15],
			"rotation": {"angle": 0, "axis": "y", "origin": [15, 29, 15]},
			"faces": {
				"up": {"uv": [1, 1, 15, 15], "texture": "#0", "cullface": "up"}
			}
		},
		{
			"from": [1, 0, 1],
			"to": [15, 1, 15],
			"rotation": {"angle": 0, "axis": "y", "origin": [15, 14, 15]},
			"faces": {
				"down": {"uv": [1, 1, 15, 15], "rotation": 180, "texture": "#0", "cullface": "down"}
			}
		},
		{
			"from": [0, 0, 0],
			"to": [16, 1, 1],
			"rotation": {"angle": 0, "axis": "y", "origin": [15, 0, -1]},
			"faces": {
				"north": {"uv": [0, 15, 16, 16], "texture": "#block", "cullface": "north"},
				"east": {"uv": [15, 15, 16, 16], "texture": "#block", "cullface": "east"},
				"west": {"uv": [15, 15, 16, 16], "texture": "#block", "cullface": "west"},
				"down": {"uv": [0, 15, 16, 16], "texture": "#block", "cullface": "down"}
			}
		},
		{
			"from": [0, 15, 0],
			"to": [16, 16, 1],
			"rotation": {"angle": 0, "axis": "y", "origin": [15, 15, -1]},
			"faces": {
				"north": {"uv": [0, 0, 16, 1], "texture": "#block", "cullface": "north"},
				"east": {"uv": [15, 15, 16, 16], "texture": "#block", "cullface": "east"},
				"west": {"uv": [15, 15, 16, 16], "texture": "#block", "cullface": "west"},
				"up": {"uv": [0, 0, 16, 1], "texture": "#block", "cullface": "up"}
			}
		},
		{
			"from": [0, 15, 15],
			"to": [16, 16, 16],
			"rotation": {"angle": 0, "axis": "y", "origin": [15, 15, 14]},
			"faces": {
				"east": {"uv": [15, 15, 16, 16], "texture": "#block", "cullface": "east"},
				"south": {"uv": [0, 15, 16, 16], "texture": "#block", "cullface": "south"},
				"west": {"uv": [15, 15, 16, 16], "texture": "#block", "cullface": "west"},
				"up": {"uv": [0, 0, 16, 1], "texture": "#block", "cullface": "up"}
			}
		},
		{
			"from": [0, 0, 15],
			"to": [16, 1, 16],
			"rotation": {"angle": 0, "axis": "y", "origin": [15, 0, 14]},
			"faces": {
				"east": {"uv": [15, 15, 16, 16], "texture": "#block", "cullface": "east"},
				"south": {"uv": [0, 15, 16, 16], "texture": "#block", "cullface": "south"},
				"west": {"uv": [15, 15, 16, 16], "texture": "#block", "cullface": "west"},
				"down": {"uv": [0, 15, 16, 16], "texture": "#block", "cullface": "down"}
			}
		},
		{
			"from": [15, 0, 1],
			"to": [16, 1, 15],
			"rotation": {"angle": 0, "axis": "y", "origin": [14, 0, 1]},
			"faces": {
				"east": {"uv": [1, 15, 15, 16], "texture": "#block", "cullface": "east"},
				"down": {"uv": [1, 15, 15, 16], "rotation": 90, "texture": "#block", "cullface": "down"}
			}
		},
		{
			"from": [0, 0, 1],
			"to": [1, 1, 15],
			"rotation": {"angle": 0, "axis": "y", "origin": [-1, 0, 1]},
			"faces": {
				"west": {"uv": [1, 15, 15, 16], "texture": "#block", "cullface": "west"},
				"down": {"uv": [1, 15, 15, 16], "rotation": 90, "texture": "#block", "cullface": "down"}
			}
		},
		{
			"from": [0, 15, 1],
			"to": [1, 16, 15],
			"rotation": {"angle": 0, "axis": "y", "origin": [-1, 15, 1]},
			"faces": {
				"west": {"uv": [1, 0, 15, 1], "texture": "#block", "cullface": "west"},
				"up": {"uv": [1, 0, 15, 1], "rotation": 90, "texture": "#block", "cullface": "up"}
			}
		},
		{
			"from": [15, 15, 1],
			"to": [16, 16, 15],
			"rotation": {"angle": 0, "axis": "y", "origin": [14, 15, 1]},
			"faces": {
				"east": {"uv": [1, 0, 15, 1], "texture": "#block", "cullface": "east"},
				"up": {"uv": [1, 0, 15, 1], "rotation": 90, "texture": "#block", "cullface": "up"}
			}
		},
		{
			"from": [0, 1, 0],
			"to": [1, 15, 1],
			"rotation": {"angle": 0, "axis": "y", "origin": [0, 1, 0]},
			"faces": {
				"north": {"uv": [15, 1, 16, 15], "texture": "#block", "cullface": "north"},
				"west": {"uv": [15, 1, 16, 15], "texture": "#block", "cullface": "west"}
			}
		},
		{
			"from": [15, 1, 0],
			"to": [16, 15, 1],
			"rotation": {"angle": 0, "axis": "y", "origin": [15, 1, 0]},
			"faces": {
				"north": {"uv": [15, 1, 16, 15], "texture": "#block", "cullface": "north"},
				"east": {"uv": [15, 1, 16, 15], "texture": "#block", "cullface": "east"}
			}
		},
		{
			"from": [15, 1, 15],
			"to": [16, 15, 16],
			"rotation": {"angle": 0, "axis": "y", "origin": [15, 1, 15]},
			"faces": {
				"east": {"uv": [15, 1, 16, 15], "texture": "#block", "cullface": "east"},
				"south": {"uv": [15, 1, 16, 15], "texture": "#block", "cullface": "south"}
			}
		},
		{
			"from": [0, 1, 15],
			"to": [1, 15, 16],
			"rotation": {"angle": 0, "axis": "y", "origin": [0, 1, 15]},
			"faces": {
				"south": {"uv": [15, 1, 16, 15], "texture": "#block", "cullface": "south"},
				"west": {"uv": [15, 1, 16, 15], "texture": "#block", "cullface": "west"}
			}
		}
	],
	"display": {
		"thirdperson_righthand": {
			"rotation": [75, 45, 0],
			"translation": [0, 2.5, 0],
			"scale": [0.375, 0.375, 0.375]
		},
		"thirdperson_lefthand": {
			"rotation": [75, 45, 0],
			"translation": [0, 2.5, 0],
			"scale": [0.375, 0.375, 0.375]
		},
		"firstperson_righthand": {
			"rotation": [0, 45, 0],
			"scale": [0.4, 0.4, 0.4]
		},
		"firstperson_lefthand": {
			"rotation": [0, 225, 0],
			"scale": [0.4, 0.4, 0.4]
		},
		"ground": {
			"translation": [0, 3, 0],
			"scale": [0.25, 0.25, 0.25]
		},
		"gui": {
			"rotation": [30, 225, 0],
			"scale": [0.625, 0.625, 0.625]
		},
		"fixed": {
			"scale": [0.5, 0.5, 0.5]
		}
	}
}