{
	"credit": "Made by sniffercraft34",
	"parent": "block/block",
	"textures": {
		"particle": "block/chorus_plant",
		"inside": "block/chorus_plant"
	},
	"elements": [
		{
			"from": [2, 14, 2],
			"to": [14, 16, 14],
			"faces": {
				"north": {"uv": [2, 0, 14, 2], "texture": "#inside"},
				"east": {"uv": [2, 0, 14, 2], "texture": "#inside"},
				"south": {"uv": [2, 0, 14, 2], "texture": "#inside"},
				"west": {"uv": [2, 0, 14, 2], "texture": "#inside"},
				"up": {"uv": [2, 2, 14, 14], "texture": "#inside", "cullface": "up"}
			}
		},
		{
			"from": [0, 2, 2],
			"to": [2, 14, 14],
			"faces": {
				"north": {"uv": [14, 2, 16, 14], "texture": "#inside"},
				"south": {"uv": [0, 2, 2, 14], "texture": "#inside"},
				"west": {"uv": [2, 2, 14, 14], "texture": "#inside", "cullface": "west"},
				"up": {"uv": [0, 2, 2, 14], "texture": "#inside"},
				"down": {"uv": [16, 14, 14, 2], "texture": "#inside"}
			}
		},
		{
			"from": [2, 2, 0],
			"to": [14, 14, 2],
			"faces": {
				"north": {"uv": [2, 2, 14, 14], "texture": "#inside", "cullface": "north"},
				"east": {"uv": [14, 2, 16, 14], "texture": "#inside"},
				"west": {"uv": [0, 2, 2, 14], "texture": "#inside"},
				"up": {"uv": [2, 0, 14, 2], "texture": "#inside"},
				"down": {"uv": [14, 2, 2, 0], "texture": "#inside"}
			}
		},
		{
			"from": [2, 2, 14],
			"to": [14, 14, 16],
			"faces": {
				"east": {"uv": [0, 2, 2, 14], "texture": "#inside"},
				"south": {"uv": [2, 2, 14, 14], "texture": "#inside", "cullface": "south"},
				"west": {"uv": [14, 2, 16, 14], "texture": "#inside"},
				"up": {"uv": [2, 14, 14, 16], "texture": "#inside"},
				"down": {"uv": [14, 16, 2, 14], "texture": "#inside"}
			}
		},
		{
			"from": [14, 2, 2],
			"to": [16, 14, 14],
			"faces": {
				"north": {"uv": [0, 2, 2, 14], "texture": "#inside"},
				"east": {"uv": [2, 2, 14, 14], "texture": "#inside", "cullface": "east"},
				"south": {"uv": [14, 2, 16, 14], "texture": "#inside"},
				"up": {"uv": [14, 2, 16, 14], "texture": "#inside"},
				"down": {"uv": [2, 14, 0, 2], "texture": "#inside"}
			}
		},
		{
			"from": [2, 0, 2],
			"to": [14, 2, 14],
			"faces": {
				"north": {"uv": [2, 14, 14, 16], "texture": "#inside"},
				"east": {"uv": [2, 14, 14, 16], "texture": "#inside"},
				"south": {"uv": [2, 14, 14, 16], "texture": "#inside"},
				"west": {"uv": [2, 14, 14, 16], "texture": "#inside"},
				"down": {"uv": [14, 14, 2, 2], "texture": "#inside", "cullface": "down"}
			}
		}
	]
}