{
	"credit": "Made with Blockbench",
	"textures": {
		"1": "item/user",
		"particle": "item/user",
		"layer0": "item/totem_of_undying"
	},
	"elements": [
		{
			"name": "Head",
			"from": [4.35, 6, 7.35],
			"to": [11.65, 13.3, 14.65],
			"rotation": {"angle": 0, "axis": "y", "origin": [8, 10, 11]},
			"faces": {
				"north": {"uv": [2, 2, 4, 4], "texture": "#1"},
				"east": {"uv": [0, 2, 2, 4], "texture": "#1"},
				"south": {"uv": [6, 2, 8, 4], "texture": "#1"},
				"west": {"uv": [4, 2, 6, 4], "texture": "#1"},
				"up": {"uv": [2, 2, 4, 0], "texture": "#1"},
				"down": {"uv": [4, 0, 6, 2], "texture": "#1"}
			}
		},
		{
			"name": "Hat Layer",
			"from": [4.1, 6, 7],
			"to": [11.8, 13.6, 14.6],
			"rotation": {"angle": 0, "axis": "y", "origin": [8, 10, 11]},
			"faces": {
				"north": {"uv": [10, 2, 12, 4], "texture": "#1"},
				"east": {"uv": [8, 2, 10, 4], "texture": "#1"},
				"south": {"uv": [14, 2, 16, 4], "texture": "#1"},
				"west": {"uv": [12, 2, 14, 4], "texture": "#1"},
				"up": {"uv": [10, 2, 12, 0], "texture": "#1"},
				"down": {"uv": [12, 0, 14, 2], "texture": "#1"}
			}
		},
		{
			"name": "Left Arm",
			"from": [5, 4, 7.08248],
			"to": [6.5, 6, 13.08248],
			"rotation": {"angle": -22.5, "axis": "x", "origin": [8.04619, 5, 9.15224]},
			"faces": {
				"north": {"uv": [9.75, 12, 10.5, 13], "rotation": 180, "texture": "#1"},
				"east": {"uv": [8, 13, 9, 16], "rotation": 270, "texture": "#1"},
				"south": {"uv": [9, 12, 9.75, 13], "texture": "#1"},
				"west": {"uv": [9.75, 13, 10.5, 16], "rotation": 90, "texture": "#1"},
				"up": {"uv": [9, 13, 9.75, 16], "rotation": 180, "texture": "#1"},
				"down": {"uv": [10.5, 13, 11.5, 16], "texture": "#1"}
			}
		},
		{
			"name": "Left Arm Layer",
			"from": [5.0504, 3.9, 6.98248],
			"to": [6.7504, 6.1, 13.18248],
			"rotation": {"angle": -22.5, "axis": "x", "origin": [8.04619, 5, 9.15224]},
			"faces": {
				"north": {"uv": [13.75, 12, 14.5, 13], "rotation": 180, "texture": "#1"},
				"east": {"uv": [12, 13, 13, 16], "rotation": 270, "texture": "#1"},
				"south": {"uv": [13, 12, 13.75, 13], "texture": "#1"},
				"west": {"uv": [13.75, 13, 14.5, 16], "rotation": 90, "texture": "#1"},
				"up": {"uv": [13, 13, 13.75, 16], "rotation": 180, "texture": "#1"},
				"down": {"uv": [14.5, 13, 15.5, 16], "texture": "#1"}
			}
		},
		{
			"name": "RightArm",
			"from": [9.6, 4.34246, 6.979],
			"to": [11.1, 6.34246, 12.979],
			"rotation": {"angle": -22.5, "axis": "x", "origin": [10.25663, 5.34246, 9.979]},
			"faces": {
				"north": {"uv": [11.75, 4, 12.5, 5], "rotation": 180, "texture": "#1"},
				"east": {"uv": [10, 5, 11, 8], "rotation": 270, "texture": "#1"},
				"south": {"uv": [11, 4, 11.75, 5], "texture": "#1"},
				"west": {"uv": [11.75, 5, 12.5, 8], "rotation": 90, "texture": "#1"},
				"up": {"uv": [11, 5, 11.75, 8], "rotation": 180, "texture": "#1"},
				"down": {"uv": [12.5, 5, 13.5, 8], "texture": "#1"}
			}
		},
		{
			"name": "Right Arm Layer",
			"from": [9.45663, 4.24246, 6.879],
			"to": [11.15663, 6.44246, 13.079],
			"rotation": {"angle": -22.5, "axis": "x", "origin": [10.25663, 5.34246, 9.979]},
			"faces": {
				"north": {"uv": [11.75, 8, 12.5, 9], "rotation": 180, "texture": "#1"},
				"east": {"uv": [10, 9, 11, 12], "rotation": 270, "texture": "#1"},
				"south": {"uv": [11, 8, 11.75, 9], "texture": "#1"},
				"west": {"uv": [11.75, 9, 12.5, 12], "rotation": 90, "texture": "#1"},
				"up": {"uv": [11, 9, 11.75, 12], "rotation": 180, "texture": "#1"},
				"down": {"uv": [12.5, 9, 13.5, 12], "texture": "#1"}
			}
		},
		{
			"name": "Totem",
			"from": [6.5, 3, 7],
			"to": [9.7, 6.2, 7.1],
			"rotation": {"angle": 0, "axis": "y", "origin": [6, 15, 13]},
			"faces": {
				"north": {"uv": [1, 1, 15, 16], "texture": "#layer0"},
				"south": {"uv": [1, 1, 15, 16], "texture": "#layer0"}
			}
		},
		{
			"name": "Left Leg",
			"from": [8, -0.1, 4],
			"to": [10, 1.9, 10],
			"rotation": {"angle": -22.5, "axis": "y", "origin": [8, 0, 11]},
			"faces": {
				"north": {"uv": [2, 4, 3, 5], "texture": "#1"},
				"east": {"uv": [0, 8, 1, 5], "rotation": 90, "texture": "#1"},
				"south": {"uv": [1, 4, 2, 5], "texture": "#1"},
				"west": {"uv": [2, 5, 3, 8], "rotation": 90, "texture": "#1"},
				"up": {"uv": [1, 8, 2, 5], "texture": "#1"},
				"down": {"uv": [3, 5, 4, 8], "texture": "#1"}
			}
		},
		{
			"name": "Left Leg Layer",
			"from": [7.9, -0.2, 3.9],
			"to": [10.1, 2, 10.1],
			"rotation": {"angle": -22.5, "axis": "y", "origin": [8, 0, 11]},
			"faces": {
				"north": {"uv": [2, 8, 3, 9], "texture": "#1"},
				"east": {"uv": [0, 12, 1, 9], "rotation": 90, "texture": "#1"},
				"south": {"uv": [1, 8, 2, 9], "texture": "#1"},
				"west": {"uv": [2, 9, 3, 12], "rotation": 90, "texture": "#1"},
				"up": {"uv": [1, 12, 2, 9], "texture": "#1"},
				"down": {"uv": [3, 9, 4, 12], "texture": "#1"}
			}
		},
		{
			"name": "Right Leg",
			"from": [6, -0.1, 4],
			"to": [8, 1.9, 10],
			"rotation": {"angle": 22.5, "axis": "y", "origin": [8, 0, 11]},
			"faces": {
				"north": {"uv": [6, 12, 7, 13], "texture": "#1"},
				"east": {"uv": [4, 16, 5, 13], "rotation": 90, "texture": "#1"},
				"south": {"uv": [5, 12, 6, 13], "texture": "#1"},
				"west": {"uv": [6, 13, 7, 16], "rotation": 90, "texture": "#1"},
				"up": {"uv": [5, 16, 6, 13], "texture": "#1"},
				"down": {"uv": [7, 13, 8, 16], "texture": "#1"}
			}
		},
		{
			"name": "Right Leg Layer",
			"from": [5.9, -0.2, 3.9],
			"to": [8.1, 2, 10.1],
			"rotation": {"angle": 22.5, "axis": "y", "origin": [8, 0, 11]},
			"faces": {
				"north": {"uv": [2, 12, 3, 13], "texture": "#1"},
				"east": {"uv": [0, 16, 1, 13], "rotation": 90, "texture": "#1"},
				"south": {"uv": [1, 12, 2, 13], "texture": "#1"},
				"west": {"uv": [2, 13, 3, 16], "rotation": 90, "texture": "#1"},
				"up": {"uv": [1, 16, 2, 13], "texture": "#1"},
				"down": {"uv": [3, 13, 4, 16], "texture": "#1"}
			}
		},
		{
			"name": "Body",
			"from": [5.6, 0, 9.6],
			"to": [10.4, 6, 12.4],
			"rotation": {"angle": 0, "axis": "y", "origin": [5, 0, 8]},
			"faces": {
				"north": {"uv": [5, 5, 7, 8], "texture": "#1"},
				"east": {"uv": [4, 5, 5, 8], "texture": "#1"},
				"south": {"uv": [8, 5, 10, 8], "texture": "#1"},
				"west": {"uv": [7, 5, 8, 8], "texture": "#1"},
				"up": {"uv": [5, 5, 7, 4], "texture": "#1"},
				"down": {"uv": [7, 5, 9, 4], "texture": "#1"}
			}
		},
		{
			"name": "Body Layer",
			"from": [5.5, -0.1, 9.5],
			"to": [10.5, 6.1, 12.5],
			"rotation": {"angle": 0, "axis": "y", "origin": [5, 0, 8]},
			"faces": {
				"north": {"uv": [5, 9, 7, 12], "texture": "#1"},
				"east": {"uv": [4, 9, 5, 12], "texture": "#1"},
				"south": {"uv": [8, 9, 10, 12], "texture": "#1"},
				"west": {"uv": [7, 9, 8, 12], "texture": "#1"},
				"up": {"uv": [5, 9, 7, 8], "texture": "#1"},
				"down": {"uv": [7, 9, 9, 8], "texture": "#1"}
			}
		}
	],
	"display": {
		"thirdperson_righthand": {
			"rotation": [60, 0, 0],
			"translation": [0.25, 4.25, 1.25],
			"scale": [0.7, 0.7, 0.7]
		},
		"thirdperson_lefthand": {
			"rotation": [60, 0, 0],
			"translation": [0.25, 4.25, 1.25],
			"scale": [0.7, 0.7, 0.7]
		},
		"firstperson_righthand": {
			"rotation": [0, 120, 0],
			"translation": [0, 3.75, 0],
			"scale": [0.5, 0.5, 0.5]
		},
		"firstperson_lefthand": {
			"rotation": [0, 123, 0],
			"translation": [0, 3.75, 0],
			"scale": [0.5, 0.5, 0.5]
		},
		"ground": {
			"translation": [0, 5, 0],
			"scale": [0.5, 0.5, 0.5]
		},
		"gui": {
			"rotation": [15, 150, 0],
			"scale": [0.7, 0.7, 0.7]
		},
		"fixed": {
			"translation": [0, 0, -3.5]
		}
	},
	"groups": [
		{
			"name": "root",
			"origin": [8, 8, 8],
			"color": 0,
			"children": [
				{
					"name": "Head",
					"origin": [0, 0, 0],
					"color": 0,
					"children": [0, 1]
				},
				{
					"name": "Arm",
					"origin": [0, 0, 0],
					"color": 0,
					"children": [
						{
							"name": "Left Arm",
							"origin": [0, 0, 0],
							"color": 0,
							"children": [2, 3]
						},
						{
							"name": "RightArm",
							"origin": [0, 0, 0],
							"color": 0,
							"children": [4, 5]
						},
						6
					]
				},
				{
					"name": "Left Leg",
					"origin": [0, 0, 0],
					"color": 0,
					"children": [7, 8]
				},
				{
					"name": "Right Leg",
					"origin": [0, 0, 0],
					"color": 0,
					"children": [9, 10]
				},
				{
					"name": "Body",
					"origin": [0, 0, 0],
					"color": 0,
					"children": [11, 12]
				}
			]
		}
	]
}